path,predicted_label,confidence,comic_prob,flagged
/Users/andrewyong/Pictures/GooglePhotos/library/2026-01-19/IMG_20260119_105626.jpg,"a scanned comic book page with illustrated panels, cartoon drawings, and speech bubbles",1.000000,1.000000,True
/Users/andrewyong/Pictures/GooglePhotos/library/2026-01-19/IMG_20260119_105634.jpg,"a scanned comic book page with illustrated panels, cartoon drawings, and speech bubbles",1.000000,1.000000,True
/Users/andrewyong/Pictures/GooglePhotos/library/2026-01-19/IMG_20260119_105644.jpg,"a scanned comic book page with illustrated panels, cartoon drawings, and speech bubbles",1.000000,1.000000,True
/Users/andrewyong/Pictures/GooglePhotos/library/2020-03-07/IMG_20200307_163250.jpg,"a scanned comic book page with illustrated panels, cartoon drawings, and speech bubbles",1.000000,1.000000,True
/Users/andrewyong/Pictures/GooglePhotos/library/2020-03-07/IMG_20200307_163325.jpg,"a scanned comic book page with illustrated panels, cartoon drawings, and speech bubbles",1.000000,1.000000,True
/Users/andrewyong/Pictures/GooglePhotos/library/2020-03-07/IMG_20200307_163253.jpg,"a scanned comic book page with illustrated panels, cartoon drawings, and speech bubbles",1.000000,1.000000,True
/Users/andrewyong/Pictures/GooglePhotos/library/2020-03-07/IMG_20200307_163334.jpg,"a scanned comic book page with illustrated panels, cartoon drawings, and speech bubbles",1.000000,1.000000,True
/Users/andrewyong/Pictures/GooglePhotos/library/2020-03-07/IMG_20200307_163259.jpg,"a scanned comic book page with illustrated panels, cartoon drawings, and speech bubbles",1.000000,1.000000,True
/Users/andrewyong/Pictures/GooglePhotos/library/2020-03-07/IMG_20200307_163310.jpg,"a scanned comic book page with illustrated panels, cartoon drawings, and speech bubbles",1.000000,1.000000,True
/Users/andrewyong/Pictures/GooglePhotos/library/2020-03-07/IMG_20200307_163304.jpg,"a scanned comic book page with illustrated panels, cartoon drawings, and speech bubbles",1.000000,1.000000,True
/Users/andrewyong/Pictures/GooglePhotos/library/2020-03-07/IMG_20200307_163312.jpg,"a scanned comic book page with illustrated panels, cartoon drawings, and speech bubbles",1.000000,1.000000,True
/Users/andrewyong/Pictures/GooglePhotos/library/2024-05-17/IMG_20240517_121045_DRO.jpg,"a scanned comic book page with illustrated panels, cartoon drawings, and speech bubbles",1.000000,1.000000,True
/Users/andrewyong/Pictures/GooglePhotos/library/2023-02-15/PXL_20230215_081148384.jpg,"a scanned comic book page with illustrated panels, cartoon drawings, and speech bubbles",1.000000,1.000000,True
/Users/andrewyong/Pictures/GooglePhotos/library/2016-04-15/44-Mark-FNL.jpg,"a scanned comic book page with illustrated panels, cartoon drawings, and speech bubbles",1.000000,1.000000,True
/Users/andrewyong/Pictures/GooglePhotos/library/2023-11-03/PXL_20231103_093452132.jpg,"a scanned comic book page with illustrated panels, cartoon drawings, and speech bubbles",1.000000,1.000000,True
/Users/andrewyong/Pictures/GooglePhotos/library/2020-11-19/IMG-20200818-WA0010.jpg,"a scanned comic book page with illustrated panels, cartoon drawings, and speech bubbles",1.000000,1.000000,True
/Users/andrewyong/Pictures/GooglePhotos/library/2016-12-05/68-Jude-FNL.jpg,"a scanned comic book page with illustrated panels, cartoon drawings, and speech bubbles",1.000000,1.000000,True
/Users/andrewyong/Pictures/GooglePhotos/library/2024-03-22/IMG_20240322_115612.jpg,"a scanned comic book page with illustrated panels, cartoon drawings, and speech bubbles",1.000000,1.000000,True
/Users/andrewyong/Pictures/GooglePhotos/library/2021-03-08/PXL_20210308_122134350.jpg,"a scanned comic book page with illustrated panels, cartoon drawings, and speech bubbles",1.000000,1.000000,True
/Users/andrewyong/Pictures/GooglePhotos/library/2003-09-22/28.jpg,"a scanned comic book page with illustrated panels, cartoon drawings, and speech bubbles",1.000000,1.000000,True
/Users/andrewyong/Pictures/GooglePhotos/library/2003-09-22/27.jpg,"a scanned comic book page with illustrated panels, cartoon drawings, and speech bubbles",1.000000,1.000000,True
/Users/andrewyong/Pictures/GooglePhotos/library/2023-04-26/PXL_20230426_131644112.jpg,"a scanned comic book page with illustrated panels, cartoon drawings, and speech bubbles",1.000000,1.000000,True
/Users/andrewyong/Pictures/GooglePhotos/library/2023-04-26/PXL_20230426_130637160.jpg,"a scanned comic book page with illustrated panels, cartoon drawings, and speech bubbles",1.000000,1.000000,True
/Users/andrewyong/Pictures/GooglePhotos/library/2003-09-24/26.jpg,"a scanned comic book page with illustrated panels, cartoon drawings, and speech bubbles",1.000000,1.000000,True
/Users/andrewyong/Pictures/GooglePhotos/library/2003-09-24/25.jpg,"a scanned comic book page with illustrated panels, cartoon drawings, and speech bubbles",1.000000,1.000000,True
/Users/andrewyong/Pictures/GooglePhotos/library/2024-04-05/IMG_20240405_115927_DRO.jpg,"a scanned comic book page with illustrated panels, cartoon drawings, and speech bubbles",1.000000,1.000000,True
/Users/andrewyong/Pictures/GooglePhotos/library/2016-02-11/03-04_Exodus_art_FNL-1.jpg,"a scanned comic book page with illustrated panels, cartoon drawings, and speech bubbles",1.000000,1.000000,True
/Users/andrewyong/Pictures/GooglePhotos/library/2016-02-29/32-Obadiah-FNL.jpg,"a scanned comic book page with illustrated panels, cartoon drawings, and speech bubbles",1.000000,1.000000,True
/Users/andrewyong/Pictures/GooglePhotos/library/2019-06-14/IMG_20190614_144417.jpg,"a scanned comic book page with illustrated panels, cartoon drawings, and speech bubbles",1.000000,1.000000,True
/Users/andrewyong/Pictures/GooglePhotos/library/2016-03-28/39-Zechariah-FNL.jpg,"a scanned comic book page with illustrated panels, cartoon drawings, and speech bubbles",1.000000,1.000000,True
/Users/andrewyong/Pictures/GooglePhotos/library/2007-02-17/24.jpg,"a scanned comic book page with illustrated panels, cartoon drawings, and speech bubbles",1.000000,1.000000,True
/Users/andrewyong/Pictures/GooglePhotos/library/2004-10-24/01.jpg,"a scanned comic book page with illustrated panels, cartoon drawings, and speech bubbles",1.000000,1.000000,True
/Users/andrewyong/Pictures/GooglePhotos/library/2016-10-17/66-2-Peter-FNL.jpg,"a scanned comic book page with illustrated panels, cartoon drawings, and speech bubbles",1.000000,1.000000,True
/Users/andrewyong/Pictures/GooglePhotos/library/2025-03-28/IMG_0836.HEIC,"a scanned comic book page with illustrated panels, cartoon drawings, and speech bubbles",1.000000,1.000000,True
/Users/andrewyong/Pictures/GooglePhotos/library/2025-03-28/IMG_0834.HEIC,"a scanned comic book page with illustrated panels, cartoon drawings, and speech bubbles",1.000000,1.000000,True
/Users/andrewyong/Pictures/GooglePhotos/library/2021-03-11/PXL_20210311_101844802.jpg,"a scanned comic book page with illustrated panels, cartoon drawings, and speech bubbles",1.000000,1.000000,True
/Users/andrewyong/Pictures/GooglePhotos/library/2016-09-13/54-Galatians-FNL.jpg,"a scanned comic book page with illustrated panels, cartoon drawings, and speech bubbles",1.000000,1.000000,True
/Users/andrewyong/Pictures/GooglePhotos/library/2006-05-30/30.jpg,"a scanned comic book page with illustrated panels, cartoon drawings, and speech bubbles",1.000000,1.000000,True
/Users/andrewyong/Pictures/GooglePhotos/library/2019-10-30/MVIMG_20191030_074229.jpg,"a scanned comic book page with illustrated panels, cartoon drawings, and speech bubbles",1.000000,1.000000,True
/Users/andrewyong/Pictures/GooglePhotos/library/2004-06-18/ZS 37-11-07.jpg,"a scanned comic book page with illustrated panels, cartoon drawings, and speech bubbles",1.000000,1.000000,True
/Users/andrewyong/Pictures/GooglePhotos/library/2004-06-18/ZS 37-11-28.jpg,"a scanned comic book page with illustrated panels, cartoon drawings, and speech bubbles",1.000000,1.000000,True
/Users/andrewyong/Pictures/GooglePhotos/library/2004-06-18/ZS 37-10-31.jpg,"a scanned comic book page with illustrated panels, cartoon drawings, and speech bubbles",1.000000,1.000000,True
/Users/andrewyong/Pictures/GooglePhotos/library/2004-06-18/ZS 37-11-21.jpg,"a scanned comic book page with illustrated panels, cartoon drawings, and speech bubbles",1.000000,1.000000,True
/Users/andrewyong/Pictures/GooglePhotos/library/2003-09-19/29.jpg,"a scanned comic book page with illustrated panels, cartoon drawings, and speech bubbles",1.000000,1.000000,True
/Users/andrewyong/Pictures/GooglePhotos/library/2003-09-19/30.jpg,"a scanned comic book page with illustrated panels, cartoon drawings, and speech bubbles",1.000000,1.000000,True
/Users/andrewyong/Pictures/GooglePhotos/library/2004-05-30/ZS 37-06-13.jpg,"a scanned comic book page with illustrated panels, cartoon drawings, and speech bubbles",1.000000,1.000000,True
/Users/andrewyong/Pictures/GooglePhotos/library/2023-09-27/PXL_20230927_091322349.jpg,"a scanned comic book page with illustrated panels, cartoon drawings, and speech bubbles",1.000000,1.000000,True
/Users/andrewyong/Pictures/GooglePhotos/library/2016-03-14/36-Habakkuk-FNL.jpg,"a scanned comic book page with illustrated panels, cartoon drawings, and speech bubbles",1.000000,1.000000,True
/Users/andrewyong/Pictures/GooglePhotos/library/2023-11-24/PXL_20231124_105414762.MP.jpg,"a scanned comic book page with illustrated panels, cartoon drawings, and speech bubbles",1.000000,1.000000,True
/Users/andrewyong/Pictures/GooglePhotos/library/2016-03-04/35-Nahum-FNL.jpg,"a scanned comic book page with illustrated panels, cartoon drawings, and speech bubbles",0.999999,0.999999,True
/Users/andrewyong/Pictures/GooglePhotos/library/2020-03-07/IMG_20200307_163331.jpg,"a scanned comic book page with illustrated panels, cartoon drawings, and speech bubbles",0.999999,0.999999,True
/Users/andrewyong/Pictures/GooglePhotos/library/2020-03-07/IMG_20200307_163337.jpg,"a scanned comic book page with illustrated panels, cartoon drawings, and speech bubbles",0.999999,0.999999,True
/Users/andrewyong/Pictures/GooglePhotos/library/2020-03-07/IMG_20200307_163317.jpg,"a scanned comic book page with illustrated panels, cartoon drawings, and speech bubbles",0.999999,0.999999,True
/Users/andrewyong/Pictures/GooglePhotos/library/2013-09-29/IMG_0491.PNG,"a scanned comic book page with illustrated panels, cartoon drawings, and speech bubbles",0.999999,0.999999,True
/Users/andrewyong/Pictures/GooglePhotos/library/2021-03-08/PXL_20210308_122136655.jpg,"a scanned comic book page with illustrated panels, cartoon drawings, and speech bubbles",0.999999,0.999999,True
/Users/andrewyong/Pictures/GooglePhotos/library/2025-02-06/IMG_0556.HEIC,"a scanned comic book page with illustrated panels, cartoon drawings, and speech bubbles",0.999999,0.999999,True
/Users/andrewyong/Pictures/GooglePhotos/library/2025-02-06/IMG_0557.HEIC,"a scanned comic book page with illustrated panels, cartoon drawings, and speech bubbles",0.999999,0.999999,True
/Users/andrewyong/Pictures/GooglePhotos/library/2016-02-16/13-14-Kings-FNL.jpg,"a scanned comic book page with illustrated panels, cartoon drawings, and speech bubbles",0.999999,0.999999,True
/Users/andrewyong/Pictures/GooglePhotos/library/_no_timestamp/IMG_0491-2-edited.jpg,"a scanned comic book page with illustrated panels, cartoon drawings, and speech bubbles",0.999999,0.999999,True
/Users/andrewyong/Pictures/GooglePhotos/library/2016-07-28/59a-1-Thessalonians-FNL.jpg,"a scanned comic book page with illustrated panels, cartoon drawings, and speech bubbles",0.999999,0.999999,True
/Users/andrewyong/Pictures/GooglePhotos/library/2021-11-09/IMG-20211109-WA0003.jpg,"a scanned comic book page with illustrated panels, cartoon drawings, and speech bubbles",0.999999,0.999999,True
/Users/andrewyong/Pictures/GooglePhotos/library/2016-10-17/59b-2-Thessalonians-FNL.jpg,"a scanned comic book page with illustrated panels, cartoon drawings, and speech bubbles",0.999999,0.999999,True
/Users/andrewyong/Pictures/GooglePhotos/library/2025-03-28/IMG_0831.HEIC,"a scanned comic book page with illustrated panels, cartoon drawings, and speech bubbles",0.999999,0.999999,True
/Users/andrewyong/Pictures/GooglePhotos/library/2025-03-28/IMG_0833.HEIC,"a scanned comic book page with illustrated panels, cartoon drawings, and speech bubbles",0.999999,0.999999,True
/Users/andrewyong/Pictures/GooglePhotos/library/2025-03-28/IMG_0835.HEIC,"a scanned comic book page with illustrated panels, cartoon drawings, and speech bubbles",0.999999,0.999999,True
/Users/andrewyong/Pictures/GooglePhotos/library/2006-05-30/29.jpg,"a scanned comic book page with illustrated panels, cartoon drawings, and speech bubbles",0.999999,0.999999,True
/Users/andrewyong/Pictures/GooglePhotos/library/2006-05-30/34.jpg,"a scanned comic book page with illustrated panels, cartoon drawings, and speech bubbles",0.999999,0.999999,True
/Users/andrewyong/Pictures/GooglePhotos/library/2006-05-30/32.jpg,"a scanned comic book page with illustrated panels, cartoon drawings, and speech bubbles",0.999999,0.999999,True
/Users/andrewyong/Pictures/GooglePhotos/library/2006-05-30/31.jpg,"a scanned comic book page with illustrated panels, cartoon drawings, and speech bubbles",0.999999,0.999999,True
/Users/andrewyong/Pictures/GooglePhotos/library/2016-09-09/57-Colossians-PRF-1.jpg,"a scanned comic book page with illustrated panels, cartoon drawings, and speech bubbles",0.999999,0.999999,True
/Users/andrewyong/Pictures/GooglePhotos/library/2004-06-18/ZS 37-11-14.jpg,"a scanned comic book page with illustrated panels, cartoon drawings, and speech bubbles",0.999999,0.999999,True
/Users/andrewyong/Pictures/GooglePhotos/library/2004-06-18/ZS 37-09-12.jpg,"a scanned comic book page with illustrated panels, cartoon drawings, and speech bubbles",0.999999,0.999999,True
/Users/andrewyong/Pictures/GooglePhotos/library/2004-06-18/ZS 37-10-10.jpg,"a scanned comic book page with illustrated panels, cartoon drawings, and speech bubbles",0.999999,0.999999,True
/Users/andrewyong/Pictures/GooglePhotos/library/2004-06-18/ZS 37-09-26.jpg,"a scanned comic book page with illustrated panels, cartoon drawings, and speech bubbles",0.999999,0.999999,True
/Users/andrewyong/Pictures/GooglePhotos/library/2004-06-18/ZS 37-10-03.jpg,"a scanned comic book page with illustrated panels, cartoon drawings, and speech bubbles",0.999999,0.999999,True
/Users/andrewyong/Pictures/GooglePhotos/library/2004-06-18/ZS 37-12-05.jpg,"a scanned comic book page with illustrated panels, cartoon drawings, and speech bubbles",0.999999,0.999999,True
/Users/andrewyong/Pictures/GooglePhotos/library/2016-02-12/09-Judges_FNL.jpg,"a scanned comic book page with illustrated panels, cartoon drawings, and speech bubbles",0.999999,0.999999,True
/Users/andrewyong/Pictures/GooglePhotos/library/2004-05-30/ZS 37-08-08.jpg,"a scanned comic book page with illustrated panels, cartoon drawings, and speech bubbles",0.999999,0.999999,True
/Users/andrewyong/Pictures/GooglePhotos/library/2016-07-13/58-Philemon-FNL-1.jpg,"a scanned comic book page with illustrated panels, cartoon drawings, and speech bubbles",0.999999,0.999999,True
/Users/andrewyong/Pictures/GooglePhotos/library/2013-10-20/IMG_0491-2.jpg,"a scanned comic book page with illustrated panels, cartoon drawings, and speech bubbles",0.999999,0.999999,True
/Users/andrewyong/Pictures/GooglePhotos/library/2016-03-14/37-Zephaniah-FNL.jpg,"a scanned comic book page with illustrated panels, cartoon drawings, and speech bubbles",0.999999,0.999999,True
/Users/andrewyong/Pictures/GooglePhotos/library/2020-03-07/IMG_20200307_163323.jpg,"a scanned comic book page with illustrated panels, cartoon drawings, and speech bubbles",0.999998,0.999998,True
/Users/andrewyong/Pictures/GooglePhotos/library/2022-08-13/Screenshot_20220813-174023.png,"a scanned comic book page with illustrated panels, cartoon drawings, and speech bubbles",0.999998,0.999998,True
/Users/andrewyong/Pictures/GooglePhotos/library/2023-02-15/PXL_20230215_081010976.jpg,"a scanned comic book page with illustrated panels, cartoon drawings, and speech bubbles",0.999998,0.999998,True
/Users/andrewyong/Pictures/GooglePhotos/library/2016-11-01/64-James.jpg,"a scanned comic book page with illustrated panels, cartoon drawings, and speech bubbles",0.999998,0.999998,True
/Users/andrewyong/Pictures/GooglePhotos/library/2013-09-29/IMG_0491-edited.jpg,"a scanned comic book page with illustrated panels, cartoon drawings, and speech bubbles",0.999998,0.999998,True
/Users/andrewyong/Pictures/GooglePhotos/library/2013-09-29/IMG_0491.jpg,"a scanned comic book page with illustrated panels, cartoon drawings, and speech bubbles",0.999998,0.999998,True
/Users/andrewyong/Pictures/GooglePhotos/library/2019-05-04/IMG_20190504_110447-01.jpeg,"a scanned comic book page with illustrated panels, cartoon drawings, and speech bubbles",0.999998,0.999998,True
/Users/andrewyong/Pictures/GooglePhotos/library/2016-03-28/38-Haggai-FNL.jpg,"a scanned comic book page with illustrated panels, cartoon drawings, and speech bubbles",0.999998,0.999998,True
/Users/andrewyong/Pictures/GooglePhotos/library/2020-09-18/original_74acb0bb-df2c-48c7-ba32-5ee35eb6fc03_M(1).jpg,"a scanned comic book page with illustrated panels, cartoon drawings, and speech bubbles",0.999998,0.999998,True
/Users/andrewyong/Pictures/GooglePhotos/library/2023-10-06/PXL_20231006_130245317.MP.jpg,"a scanned comic book page with illustrated panels, cartoon drawings, and speech bubbles",0.999998,0.999998,True
/Users/andrewyong/Pictures/GooglePhotos/library/2016-11-02/67-123-John.jpg,"a scanned comic book page with illustrated panels, cartoon drawings, and speech bubbles",0.999998,0.999998,True
/Users/andrewyong/Pictures/GooglePhotos/library/2004-06-18/ZS 37-08-29.jpg,"a scanned comic book page with illustrated panels, cartoon drawings, and speech bubbles",0.999998,0.999998,True
/Users/andrewyong/Pictures/GooglePhotos/library/2016-02-12/29-Hosea_FNL.jpg,"a scanned comic book page with illustrated panels, cartoon drawings, and speech bubbles",0.999998,0.999998,True
/Users/andrewyong/Pictures/GooglePhotos/library/2016-09-06/45-46-John-FNL.jpg,"a scanned comic book page with illustrated panels, cartoon drawings, and speech bubbles",0.999998,0.999998,True
/Users/andrewyong/Pictures/GooglePhotos/library/2016-03-04/26-27-Ezekiel-FNL.jpg,"a scanned comic book page with illustrated panels, cartoon drawings, and speech bubbles",0.999997,0.999997,True
/Users/andrewyong/Pictures/GooglePhotos/library/2020-03-07/IMG_20200307_163348.jpg,"a scanned comic book page with illustrated panels, cartoon drawings, and speech bubbles",0.999997,0.999997,True
/Users/andrewyong/Pictures/GooglePhotos/library/2016-02-29/22-23-Isaiah-FNL.jpg,"a scanned comic book page with illustrated panels, cartoon drawings, and speech bubbles",0.999997,0.999997,True
/Users/andrewyong/Pictures/GooglePhotos/library/2023-01-17/IMG-20230117-WA0005.jpg,"a scanned comic book page with illustrated panels, cartoon drawings, and speech bubbles",0.999997,0.999997,True
/Users/andrewyong/Pictures/GooglePhotos/library/2025-10-30/_78A6337.JPG,"a scanned comic book page with illustrated panels, cartoon drawings, and speech bubbles",0.999997,0.999997,True
/Users/andrewyong/Pictures/GooglePhotos/library/2023-10-06/original_402521f0-0675-46ea-a457-065c6a6baf2f_P(1).jpg,"a scanned comic book page with illustrated panels, cartoon drawings, and speech bubbles",0.999997,0.999997,True
/Users/andrewyong/Pictures/GooglePhotos/library/2004-06-18/ZS 37-09-19.jpg,"a scanned comic book page with illustrated panels, cartoon drawings, and speech bubbles",0.999997,0.999997,True
/Users/andrewyong/Pictures/GooglePhotos/library/2024-02-01/IMG_20240201_114737.jpg,"a scanned comic book page with illustrated panels, cartoon drawings, and speech bubbles",0.999996,0.999996,True
/Users/andrewyong/Pictures/GooglePhotos/library/2016-03-28/40-Malachi-FNL.jpg,"a scanned comic book page with illustrated panels, cartoon drawings, and speech bubbles",0.999996,0.999996,True
/Users/andrewyong/Pictures/GooglePhotos/library/2023-05-17/PXL_20230517_072652683.jpg,"a scanned comic book page with illustrated panels, cartoon drawings, and speech bubbles",0.999996,0.999996,True
/Users/andrewyong/Pictures/GooglePhotos/library/2006-05-30/33.jpg,"a scanned comic book page with illustrated panels, cartoon drawings, and speech bubbles",0.999996,0.999996,True
/Users/andrewyong/Pictures/GooglePhotos/library/2025-03-28/IMG_0832.HEIC,"a scanned comic book page with illustrated panels, cartoon drawings, and speech bubbles",0.999995,0.999995,True
/Users/andrewyong/Pictures/GooglePhotos/library/2023-02-15/PXL_20230215_105147564.jpg,"a scanned comic book page with illustrated panels, cartoon drawings, and speech bubbles",0.999994,0.999994,True
/Users/andrewyong/Pictures/GooglePhotos/library/2023-09-08/PXL_20230908_083958708.MP.jpg,"a scanned comic book page with illustrated panels, cartoon drawings, and speech bubbles",0.999994,0.999994,True
/Users/andrewyong/Pictures/GooglePhotos/library/2024-09-12/IMG_20240912_090937_DRO.jpg,"a scanned comic book page with illustrated panels, cartoon drawings, and speech bubbles",0.999993,0.999993,True
/Users/andrewyong/Pictures/GooglePhotos/library/2020-11-19/IMG-20200720-WA0003.jpg,"a scanned comic book page with illustrated panels, cartoon drawings, and speech bubbles",0.999992,0.999992,True
/Users/andrewyong/Pictures/GooglePhotos/library/2019-05-22/IMG_20190522_171601.jpg,"a scanned comic book page with illustrated panels, cartoon drawings, and speech bubbles",0.999992,0.999992,True
/Users/andrewyong/Pictures/GooglePhotos/library/2016-05-18/47-48-Luke-FNL.jpg,"a scanned comic book page with illustrated panels, cartoon drawings, and speech bubbles",0.999992,0.999992,True
/Users/andrewyong/Pictures/GooglePhotos/library/2020-07-20/IMG-20200720-WA0011.jpeg,"a scanned comic book page with illustrated panels, cartoon drawings, and speech bubbles",0.999992,0.999992,True
/Users/andrewyong/Pictures/GooglePhotos/library/2020-03-07/IMG_20200307_163344.jpg,"a scanned comic book page with illustrated panels, cartoon drawings, and speech bubbles",0.999991,0.999991,True
/Users/andrewyong/Pictures/GooglePhotos/library/2022-04-12/Screenshot_20220412-153709.png,"a scanned comic book page with illustrated panels, cartoon drawings, and speech bubbles",0.999991,0.999991,True
/Users/andrewyong/Pictures/GooglePhotos/library/2021-02-16/IMG-20210216-WA0045.jpg,"a scanned comic book page with illustrated panels, cartoon drawings, and speech bubbles",0.999991,0.999991,True
/Users/andrewyong/Pictures/GooglePhotos/library/2018-11-13/IMG-20181008-WA0005.jpg,"a scanned comic book page with illustrated panels, cartoon drawings, and speech bubbles",0.999991,0.999991,True
/Users/andrewyong/Pictures/GooglePhotos/library/2020-03-07/IMG_20200307_163319.jpg,"a scanned comic book page with illustrated panels, cartoon drawings, and speech bubbles",0.999990,0.999990,True
/Users/andrewyong/Pictures/GooglePhotos/library/2023-09-27/PXL_20230927_080702220.jpg,"a scanned comic book page with illustrated panels, cartoon drawings, and speech bubbles",0.999990,0.999990,True
/Users/andrewyong/Pictures/GooglePhotos/library/2020-07-20/IMG-20200720-WA0011-edited.jpeg,"a scanned comic book page with illustrated panels, cartoon drawings, and speech bubbles",0.999990,0.999990,True
/Users/andrewyong/Pictures/GooglePhotos/library/2020-03-07/IMG_20200307_163329.jpg,"a scanned comic book page with illustrated panels, cartoon drawings, and speech bubbles",0.999989,0.999989,True
/Users/andrewyong/Pictures/GooglePhotos/library/2023-09-01/PXL_20230901_082854780.jpg,"a scanned comic book page with illustrated panels, cartoon drawings, and speech bubbles",0.999989,0.999989,True
/Users/andrewyong/Pictures/GooglePhotos/library/2016-06-15/49-Acts-FNL.jpg,"a scanned comic book page with illustrated panels, cartoon drawings, and speech bubbles",0.999988,0.999988,True
/Users/andrewyong/Pictures/GooglePhotos/library/2016-07-13/55-Ephesians-FNL.jpg,"a scanned comic book page with illustrated panels, cartoon drawings, and speech bubbles",0.999988,0.999988,True
/Users/andrewyong/Pictures/GooglePhotos/library/2021-03-08/PXL_20210308_100105851.jpg,"a scanned comic book page with illustrated panels, cartoon drawings, and speech bubbles",0.999987,0.999987,True
/Users/andrewyong/Pictures/GooglePhotos/library/2016-06-13/53-2-Corinthians-FNL.jpg,"a scanned comic book page with illustrated panels, cartoon drawings, and speech bubbles",0.999987,0.999987,True
/Users/andrewyong/Pictures/GooglePhotos/library/2020-11-19/IMG-20201117-WA0005.jpg,"a scanned comic book page with illustrated panels, cartoon drawings, and speech bubbles",0.999986,0.999986,True
/Users/andrewyong/Pictures/GooglePhotos/library/2025-03-28/IMG_0837.HEIC,"a scanned comic book page with illustrated panels, cartoon drawings, and speech bubbles",0.999986,0.999986,True
/Users/andrewyong/Pictures/GooglePhotos/library/2021-01-12/IMG-20210112-WA0004.jpg,"a scanned comic book page with illustrated panels, cartoon drawings, and speech bubbles",0.999984,0.999984,True
/Users/andrewyong/Pictures/GooglePhotos/library/2020-03-07/IMG_20200307_163342.jpg,"a scanned comic book page with illustrated panels, cartoon drawings, and speech bubbles",0.999983,0.999983,True
/Users/andrewyong/Pictures/GooglePhotos/library/2023-05-31/IMG-20230531-WA0011.jpg,"a scanned comic book page with illustrated panels, cartoon drawings, and speech bubbles",0.999983,0.999983,True
/Users/andrewyong/Pictures/GooglePhotos/library/2023-11-08/PXL_20231108_134617266.jpg,"a scanned comic book page with illustrated panels, cartoon drawings, and speech bubbles",0.999982,0.999982,True
/Users/andrewyong/Pictures/GooglePhotos/library/2016-03-02/15-Ezra-Nehemiah-FNL.jpg,"a scanned comic book page with illustrated panels, cartoon drawings, and speech bubbles",0.999978,0.999978,True
/Users/andrewyong/Pictures/GooglePhotos/library/2016-03-04/34-Micah-FNL.jpg,"a scanned comic book page with illustrated panels, cartoon drawings, and speech bubbles",0.999977,0.999977,True
/Users/andrewyong/Pictures/GooglePhotos/library/2023-09-15/PXL_20230915_090342214.MP.jpg,"a scanned comic book page with illustrated panels, cartoon drawings, and speech bubbles",0.999973,0.999973,True
/Users/andrewyong/Pictures/GooglePhotos/library/2016-10-10/65-1-Peter-FNL.jpg,"a scanned comic book page with illustrated panels, cartoon drawings, and speech bubbles",0.999973,0.999973,True
/Users/andrewyong/Pictures/GooglePhotos/library/2016-05-19/16-Esther-FNL.jpg,"a scanned comic book page with illustrated panels, cartoon drawings, and speech bubbles",0.999973,0.999973,True
/Users/andrewyong/Pictures/GooglePhotos/library/2004-06-18/ZS 37-09-05.jpg,"a scanned comic book page with illustrated panels, cartoon drawings, and speech bubbles",0.999973,0.999973,True
/Users/andrewyong/Pictures/GooglePhotos/library/2016-09-20/62-Titus-1.jpg,"a scanned comic book page with illustrated panels, cartoon drawings, and speech bubbles",0.999972,0.999972,True
/Users/andrewyong/Pictures/GooglePhotos/library/2022-01-18/IMG-20220118-WA0005.jpg,"a scanned comic book page with illustrated panels, cartoon drawings, and speech bubbles",0.999970,0.999970,True
/Users/andrewyong/Pictures/GooglePhotos/library/2021-03-01/PXL_20210301_163747340.jpg,"a scanned comic book page with illustrated panels, cartoon drawings, and speech bubbles",0.999969,0.999969,True
/Users/andrewyong/Pictures/GooglePhotos/library/2020-02-09/IMG_20200209_154254-01.jpeg,"a scanned comic book page with illustrated panels, cartoon drawings, and speech bubbles",0.999968,0.999968,True
/Users/andrewyong/Pictures/GooglePhotos/library/2016-03-04/42-Matthew-FNL-1.jpg,"a scanned comic book page with illustrated panels, cartoon drawings, and speech bubbles",0.999967,0.999967,True
/Users/andrewyong/Pictures/GooglePhotos/library/2019-10-12/IMG_20191012_164025.jpg,"a scanned comic book page with illustrated panels, cartoon drawings, and speech bubbles",0.999967,0.999967,True
/Users/andrewyong/Pictures/GooglePhotos/library/2004-06-18/ZS 37-10-24.jpg,"a scanned comic book page with illustrated panels, cartoon drawings, and speech bubbles",0.999967,0.999967,True
/Users/andrewyong/Pictures/GooglePhotos/library/2016-02-12/19-Proverbs-FNL.jpg,"a scanned comic book page with illustrated panels, cartoon drawings, and speech bubbles",0.999964,0.999964,True
/Users/andrewyong/Pictures/GooglePhotos/library/2023-10-04/PXL_20231004_093744267.MP.jpg,"a scanned comic book page with illustrated panels, cartoon drawings, and speech bubbles",0.999963,0.999963,True
/Users/andrewyong/Pictures/GooglePhotos/library/2016-02-25/18-Psalms-FNL.jpg,"a scanned comic book page with illustrated panels, cartoon drawings, and speech bubbles",0.999963,0.999963,True
/Users/andrewyong/Pictures/GooglePhotos/library/2024-04-05/IMG_20240405_115934_DRO.jpg,"a scanned comic book page with illustrated panels, cartoon drawings, and speech bubbles",0.999962,0.999962,True
/Users/andrewyong/Pictures/GooglePhotos/library/2023-10-11/PXL_20231011_090441452.MP.jpg,"a scanned comic book page with illustrated panels, cartoon drawings, and speech bubbles",0.999954,0.999954,True
/Users/andrewyong/Pictures/GooglePhotos/library/2023-10-06/original_402521f0-0675-46ea-a457-065c6a6baf2f_P.jpg,"a scanned comic book page with illustrated panels, cartoon drawings, and speech bubbles",0.999954,0.999954,True
/Users/andrewyong/Pictures/GooglePhotos/library/2026-06-15/IMG_20260615_185108.jpg,"a scanned comic book page with illustrated panels, cartoon drawings, and speech bubbles",0.999953,0.999953,True
/Users/andrewyong/Pictures/GooglePhotos/library/2018-10-15/IMG_0445.jpg,"a scanned comic book page with illustrated panels, cartoon drawings, and speech bubbles",0.999950,0.999950,True
/Users/andrewyong/Pictures/GooglePhotos/library/2024-11-01/IMG_0205.HEIC,"a scanned comic book page with illustrated panels, cartoon drawings, and speech bubbles",0.999941,0.999941,True
/Users/andrewyong/Pictures/GooglePhotos/library/2004-02-16/scanned by The Last Balaboo.jpg,"a scanned comic book page with illustrated panels, cartoon drawings, and speech bubbles",0.999938,0.999938,True
/Users/andrewyong/Pictures/GooglePhotos/library/2014-07-28/.s1p17i1.png,"a scanned comic book page with illustrated panels, cartoon drawings, and speech bubbles",0.999935,0.999935,True
/Users/andrewyong/Pictures/GooglePhotos/library/2012-07-15/IMG_0041-001.PNG,"a scanned comic book page with illustrated panels, cartoon drawings, and speech bubbles",0.999935,0.999935,True
/Users/andrewyong/Pictures/GooglePhotos/library/2012-07-15/IMG_0041-001.jpg,"a scanned comic book page with illustrated panels, cartoon drawings, and speech bubbles",0.999934,0.999934,True
/Users/andrewyong/Pictures/GooglePhotos/library/2013-10-20/IMG_0041.jpg,"a scanned comic book page with illustrated panels, cartoon drawings, and speech bubbles",0.999934,0.999934,True
/Users/andrewyong/Pictures/GooglePhotos/library/2023-03-01/PXL_20230301_151927278.jpg,"a scanned comic book page with illustrated panels, cartoon drawings, and speech bubbles",0.999932,0.999932,True
/Users/andrewyong/Pictures/GooglePhotos/library/2016-03-10/10-Ruth-FNL.jpg,"a scanned comic book page with illustrated panels, cartoon drawings, and speech bubbles",0.999927,0.999927,True
/Users/andrewyong/Pictures/GooglePhotos/library/2023-04-26/IMG-20230426-WA0006.jpg,"a scanned comic book page with illustrated panels, cartoon drawings, and speech bubbles",0.999923,0.999923,True
/Users/andrewyong/Pictures/GooglePhotos/library/2018-10-15/IMG_0444.jpg,"a scanned comic book page with illustrated panels, cartoon drawings, and speech bubbles",0.999918,0.999918,True
/Users/andrewyong/Pictures/GooglePhotos/library/2013-10-20/IMG_0041-edited.jpg,"a scanned comic book page with illustrated panels, cartoon drawings, and speech bubbles",0.999914,0.999914,True
/Users/andrewyong/Pictures/GooglePhotos/library/2016-11-15/69-70-Revelation-FNL.jpg,"a scanned comic book page with illustrated panels, cartoon drawings, and speech bubbles",0.999911,0.999911,True
/Users/andrewyong/Pictures/GooglePhotos/library/2021-10-26/IMG-20211026-WA0013.jpg,"a scanned comic book page with illustrated panels, cartoon drawings, and speech bubbles",0.999905,0.999905,True
/Users/andrewyong/Pictures/GooglePhotos/library/2014-08-24/IMG_0538_1024.jpg,"a scanned comic book page with illustrated panels, cartoon drawings, and speech bubbles",0.999905,0.999905,True
/Users/andrewyong/Pictures/GooglePhotos/library/2022-03-29/IMG-20220329-WA0000.jpg,"a scanned comic book page with illustrated panels, cartoon drawings, and speech bubbles",0.999905,0.999905,True
/Users/andrewyong/Pictures/GooglePhotos/library/2023-11-08/PXL_20231108_140717780.jpg,"a scanned comic book page with illustrated panels, cartoon drawings, and speech bubbles",0.999900,0.999900,True
/Users/andrewyong/Pictures/GooglePhotos/library/2021-03-09/PXL_20210309_085626769.jpg,"a scanned comic book page with illustrated panels, cartoon drawings, and speech bubbles",0.999896,0.999896,True
/Users/andrewyong/Pictures/GooglePhotos/library/2020-03-07/IMG_20200307_163341.jpg,"a scanned comic book page with illustrated panels, cartoon drawings, and speech bubbles",0.999889,0.999889,True
/Users/andrewyong/Pictures/GooglePhotos/library/2014-10-30/Screenshot_2014-10-30-18-05-07.png,"a scanned comic book page with illustrated panels, cartoon drawings, and speech bubbles",0.999889,0.999889,True
/Users/andrewyong/Pictures/GooglePhotos/library/2025-06-17/IMG_20250617_104104.jpg,"a scanned comic book page with illustrated panels, cartoon drawings, and speech bubbles",0.999884,0.999884,True
/Users/andrewyong/Pictures/GooglePhotos/library/_no_timestamp/IMG_0535(1).JPG,"a scanned comic book page with illustrated panels, cartoon drawings, and speech bubbles",0.999874,0.999874,True
/Users/andrewyong/Pictures/GooglePhotos/library/2021-12-07/IMG-20211207-WA0010.jpg,"a scanned comic book page with illustrated panels, cartoon drawings, and speech bubbles",0.999874,0.999874,True
/Users/andrewyong/Pictures/GooglePhotos/library/2013-12-19/IMG_0539_1024.jpg,"a scanned comic book page with illustrated panels, cartoon drawings, and speech bubbles",0.999872,0.999872,True
/Users/andrewyong/Pictures/GooglePhotos/library/2023-11-06/IMG_20231106_075339_232.jpg,"a scanned comic book page with illustrated panels, cartoon drawings, and speech bubbles",0.999870,0.999870,True
/Users/andrewyong/Pictures/GooglePhotos/library/2021-12-07/IMG-20211207-WA0008.jpg,"a scanned comic book page with illustrated panels, cartoon drawings, and speech bubbles",0.999851,0.999851,True
/Users/andrewyong/Pictures/GooglePhotos/library/2011-10-11/Family Tree.jpg,"a scanned comic book page with illustrated panels, cartoon drawings, and speech bubbles",0.999845,0.999845,True
/Users/andrewyong/Pictures/GooglePhotos/library/2011-10-07/IMG_0538.JPG,"a scanned comic book page with illustrated panels, cartoon drawings, and speech bubbles",0.999843,0.999843,True
/Users/andrewyong/Pictures/GooglePhotos/library/2022-09-01/IMG-20220901-WA0025.jpg,"a scanned comic book page with illustrated panels, cartoon drawings, and speech bubbles",0.999840,0.999840,True
/Users/andrewyong/Pictures/GooglePhotos/library/2012-06-28/IOS vs Android Battle!.jpg,"a scanned comic book page with illustrated panels, cartoon drawings, and speech bubbles",0.999836,0.999836,True
/Users/andrewyong/Pictures/GooglePhotos/library/2023-02-15/PXL_20230215_081021035-edited.jpg,"a scanned comic book page with illustrated panels, cartoon drawings, and speech bubbles",0.999835,0.999835,True
/Users/andrewyong/Pictures/GooglePhotos/library/2014-03-24/IMG_20140324_175414.jpg,"a scanned comic book page with illustrated panels, cartoon drawings, and speech bubbles",0.999821,0.999821,True
/Users/andrewyong/Pictures/GooglePhotos/library/2018-03-03/IMG_20180303_153946.jpg,"a scanned comic book page with illustrated panels, cartoon drawings, and speech bubbles",0.999805,0.999805,True
/Users/andrewyong/Pictures/GooglePhotos/library/2014-07-28/.s1p6i1.png,"a scanned comic book page with illustrated panels, cartoon drawings, and speech bubbles",0.999801,0.999801,True
/Users/andrewyong/Pictures/GooglePhotos/library/2021-04-26/IMG-20210426-WA0009.jpg,"a scanned comic book page with illustrated panels, cartoon drawings, and speech bubbles",0.999794,0.999794,True
/Users/andrewyong/Pictures/GooglePhotos/library/2016-10-09/free-printable-scripture-bible-cards_20104.jpg,"a scanned comic book page with illustrated panels, cartoon drawings, and speech bubbles",0.999785,0.999785,True
/Users/andrewyong/Pictures/GooglePhotos/library/2013-12-19/IMG_0535_1024.jpg,"a scanned comic book page with illustrated panels, cartoon drawings, and speech bubbles",0.999779,0.999779,True
/Users/andrewyong/Pictures/GooglePhotos/library/2023-08-30/PXL_20230830_091448643.jpg,"a scanned comic book page with illustrated panels, cartoon drawings, and speech bubbles",0.999776,0.999776,True
/Users/andrewyong/Pictures/GooglePhotos/library/2011-10-11/stamboom.jpg,"a scanned comic book page with illustrated panels, cartoon drawings, and speech bubbles",0.999759,0.999759,True
/Users/andrewyong/Pictures/GooglePhotos/library/2016-04-15/41-Chronicles-FNL.jpg,"a scanned comic book page with illustrated panels, cartoon drawings, and speech bubbles",0.999735,0.999735,True
/Users/andrewyong/Pictures/GooglePhotos/library/2019-04-30/IMG_20190430_232932-01.jpeg,"a scanned comic book page with illustrated panels, cartoon drawings, and speech bubbles",0.999724,0.999724,True
/Users/andrewyong/Pictures/GooglePhotos/library/2015-07-21/IMG_2011_1.JPG,"a scanned comic book page with illustrated panels, cartoon drawings, and speech bubbles",0.999717,0.999717,True
/Users/andrewyong/Pictures/GooglePhotos/library/2013-11-22/toothless.jpg,"a scanned comic book page with illustrated panels, cartoon drawings, and speech bubbles",0.999705,0.999705,True
/Users/andrewyong/Pictures/GooglePhotos/library/_no_timestamp/IMG_0535-edited.JPG,"a scanned comic book page with illustrated panels, cartoon drawings, and speech bubbles",0.999697,0.999697,True
/Users/andrewyong/Pictures/GooglePhotos/library/2008-08-07/10_plagues.jpg,"a scanned comic book page with illustrated panels, cartoon drawings, and speech bubbles",0.999692,0.999692,True
/Users/andrewyong/Pictures/GooglePhotos/library/2013-12-19/IMG_0535.jpg,"a scanned comic book page with illustrated panels, cartoon drawings, and speech bubbles",0.999679,0.999679,True
/Users/andrewyong/Pictures/GooglePhotos/library/2014-03-29/IMG_1220_1024.jpg,"a scanned comic book page with illustrated panels, cartoon drawings, and speech bubbles",0.999679,0.999679,True
/Users/andrewyong/Pictures/GooglePhotos/library/2016-06-17/IMG_6184.JPG,"a scanned comic book page with illustrated panels, cartoon drawings, and speech bubbles",0.999666,0.999666,True
/Users/andrewyong/Pictures/GooglePhotos/library/2016-07-09/IMG_20160710_084706.jpg,"a scanned comic book page with illustrated panels, cartoon drawings, and speech bubbles",0.999659,0.999659,True
/Users/andrewyong/Pictures/GooglePhotos/library/2021-03-09/PXL_20210309_085008617.MP.jpg,"a scanned comic book page with illustrated panels, cartoon drawings, and speech bubbles",0.999621,0.999621,True
/Users/andrewyong/Pictures/GooglePhotos/library/2021-03-09/PXL_20210309_085008617.MP_1.jpg,"a scanned comic book page with illustrated panels, cartoon drawings, and speech bubbles",0.999621,0.999621,True
/Users/andrewyong/Pictures/GooglePhotos/library/2018-03-03/IMG_20180303_153948.jpg,"a scanned comic book page with illustrated panels, cartoon drawings, and speech bubbles",0.999615,0.999615,True
/Users/andrewyong/Pictures/GooglePhotos/library/2008-08-07/10_plagues-edited.jpg,"a scanned comic book page with illustrated panels, cartoon drawings, and speech bubbles",0.999614,0.999614,True
/Users/andrewyong/Pictures/GooglePhotos/library/2015-07-21/IMG_2011.JPG,"a scanned comic book page with illustrated panels, cartoon drawings, and speech bubbles",0.999607,0.999607,True
/Users/andrewyong/Pictures/GooglePhotos/library/2019-11-30/MVIMG_20191130_221402-edited.jpg,"a scanned comic book page with illustrated panels, cartoon drawings, and speech bubbles",0.999588,0.999588,True
/Users/andrewyong/Pictures/GooglePhotos/library/2015-12-17/IMG_3947_1.JPG,"a scanned comic book page with illustrated panels, cartoon drawings, and speech bubbles",0.999565,0.999565,True
/Users/andrewyong/Pictures/GooglePhotos/library/2020-11-19/IMG-20201023-WA0010.jpg,"a scanned comic book page with illustrated panels, cartoon drawings, and speech bubbles",0.999529,0.999529,True
/Users/andrewyong/Pictures/GooglePhotos/library/2023-04-26/original_758e81da-4d55-404c-b3b4-ba7a7af06cdd_P.jpg,"a scanned comic book page with illustrated panels, cartoon drawings, and speech bubbles",0.999526,0.999526,True
/Users/andrewyong/Pictures/GooglePhotos/library/2022-10-27/IMG-20221027-WA0004.jpg,"a scanned comic book page with illustrated panels, cartoon drawings, and speech bubbles",0.999525,0.999525,True
/Users/andrewyong/Pictures/GooglePhotos/library/2021-03-16/IMG-20210316-WA0004.jpg,"a scanned comic book page with illustrated panels, cartoon drawings, and speech bubbles",0.999498,0.999498,True
/Users/andrewyong/Pictures/GooglePhotos/library/2019-10-27/IMG_20191027_084456.jpg,"a scanned comic book page with illustrated panels, cartoon drawings, and speech bubbles",0.999493,0.999493,True
/Users/andrewyong/Pictures/GooglePhotos/library/2024-06-21/IMG_20240621_120911_DRO.jpg,"a scanned comic book page with illustrated panels, cartoon drawings, and speech bubbles",0.999481,0.999481,True
/Users/andrewyong/Pictures/GooglePhotos/library/2023-04-26/original_758e81da-4d55-404c-b3b4-ba7a7af06cdd_P(1).jpg,"a scanned comic book page with illustrated panels, cartoon drawings, and speech bubbles",0.999474,0.999474,True
/Users/andrewyong/Pictures/GooglePhotos/library/2023-09-13/PXL_20230913_091221508.jpg,"a scanned comic book page with illustrated panels, cartoon drawings, and speech bubbles",0.999472,0.999472,True
/Users/andrewyong/Pictures/GooglePhotos/library/2013-11-22/toothless_1024.jpg,"a scanned comic book page with illustrated panels, cartoon drawings, and speech bubbles",0.999468,0.999468,True
/Users/andrewyong/Pictures/GooglePhotos/library/2016-02-16/11-12-Samuel-FNL.jpg,"a scanned comic book page with illustrated panels, cartoon drawings, and speech bubbles",0.999438,0.999438,True
/Users/andrewyong/Pictures/GooglePhotos/library/2011-12-12/map_of_ninjago.jpg,"a scanned comic book page with illustrated panels, cartoon drawings, and speech bubbles",0.999414,0.999414,True
/Users/andrewyong/Pictures/GooglePhotos/library/2015-01-13/Screenshot_2015-01-13-15-11-49.png,"a scanned comic book page with illustrated panels, cartoon drawings, and speech bubbles",0.999412,0.999412,True
/Users/andrewyong/Pictures/GooglePhotos/library/2015-01-16/IMG_20150116_145428-edited.jpg,"a scanned comic book page with illustrated panels, cartoon drawings, and speech bubbles",0.999409,0.999409,True
/Users/andrewyong/Pictures/GooglePhotos/library/2021-03-11/IMG-20210311-WA0008.jpg,"a scanned comic book page with illustrated panels, cartoon drawings, and speech bubbles",0.999402,0.999402,True
/Users/andrewyong/Pictures/GooglePhotos/library/2014-07-28/.s1p15i1.png,"a scanned comic book page with illustrated panels, cartoon drawings, and speech bubbles",0.999387,0.999387,True
/Users/andrewyong/Pictures/GooglePhotos/library/2015-01-16/IMG_20150116_145428.jpg,"a scanned comic book page with illustrated panels, cartoon drawings, and speech bubbles",0.999386,0.999386,True
/Users/andrewyong/Pictures/GooglePhotos/library/_no_timestamp/toothless(1).jpg,"a scanned comic book page with illustrated panels, cartoon drawings, and speech bubbles",0.999384,0.999384,True
/Users/andrewyong/Pictures/GooglePhotos/library/2025-10-21/PXL_20251021_134714422.jpg,"a scanned comic book page with illustrated panels, cartoon drawings, and speech bubbles",0.999383,0.999383,True
/Users/andrewyong/Pictures/GooglePhotos/library/2020-11-24/IMG-20201124-WA0003.jpg,"a scanned comic book page with illustrated panels, cartoon drawings, and speech bubbles",0.999346,0.999346,True
/Users/andrewyong/Pictures/GooglePhotos/library/2023-08-30/PXL_20230830_102509256.MP.jpg,"a scanned comic book page with illustrated panels, cartoon drawings, and speech bubbles",0.999335,0.999335,True
/Users/andrewyong/Pictures/GooglePhotos/library/2022-06-28/IMG-20220628-WA0006.jpg,"a scanned comic book page with illustrated panels, cartoon drawings, and speech bubbles",0.999327,0.999327,True
/Users/andrewyong/Pictures/GooglePhotos/library/2014-03-07/IMG_1220.JPG,"a scanned comic book page with illustrated panels, cartoon drawings, and speech bubbles",0.999318,0.999318,True
/Users/andrewyong/Pictures/GooglePhotos/library/2017-07-25/Daniel Plan Drawing.jpg,"a scanned comic book page with illustrated panels, cartoon drawings, and speech bubbles",0.999318,0.999318,True
/Users/andrewyong/Pictures/GooglePhotos/library/2021-03-11/PXL_20210311_123408238.jpg,"a scanned comic book page with illustrated panels, cartoon drawings, and speech bubbles",0.999269,0.999269,True
/Users/andrewyong/Pictures/GooglePhotos/library/2014-07-28/.s1p14i1.png,"a scanned comic book page with illustrated panels, cartoon drawings, and speech bubbles",0.999258,0.999258,True
/Users/andrewyong/Pictures/GooglePhotos/library/2023-09-01/PXL_20230901_082954533.jpg,"a scanned comic book page with illustrated panels, cartoon drawings, and speech bubbles",0.999247,0.999247,True
/Users/andrewyong/Pictures/GooglePhotos/library/2003-10-14/32.jpg,"a scanned comic book page with illustrated panels, cartoon drawings, and speech bubbles",0.999235,0.999235,True
/Users/andrewyong/Pictures/GooglePhotos/library/2015-07-22/IMG_1047.JPG,"a scanned comic book page with illustrated panels, cartoon drawings, and speech bubbles",0.999220,0.999220,True
/Users/andrewyong/Pictures/GooglePhotos/library/2020-12-11/PXL_20201211_110338293.MP.jpg,"a scanned comic book page with illustrated panels, cartoon drawings, and speech bubbles",0.999220,0.999220,True
/Users/andrewyong/Pictures/GooglePhotos/library/2021-10-26/IMG-20211026-WA0011.jpg,"a scanned comic book page with illustrated panels, cartoon drawings, and speech bubbles",0.999182,0.999182,True
/Users/andrewyong/Pictures/GooglePhotos/library/2003-10-14/39.jpg,"a scanned comic book page with illustrated panels, cartoon drawings, and speech bubbles",0.999172,0.999172,True
/Users/andrewyong/Pictures/GooglePhotos/library/2012-09-22/20120922_155257.jpg,"a scanned comic book page with illustrated panels, cartoon drawings, and speech bubbles",0.999169,0.999169,True
/Users/andrewyong/Pictures/GooglePhotos/library/2025-08-18/IMG_20250818_210348.jpg,"a scanned comic book page with illustrated panels, cartoon drawings, and speech bubbles",0.999146,0.999146,True
/Users/andrewyong/Pictures/GooglePhotos/library/2024-04-09/IMG-20240409-WA0010.jpg,"a scanned comic book page with illustrated panels, cartoon drawings, and speech bubbles",0.999106,0.999106,True
/Users/andrewyong/Pictures/GooglePhotos/library/_no_timestamp/.s1p3i1(1).png,"a scanned comic book page with illustrated panels, cartoon drawings, and speech bubbles",0.999090,0.999090,True
/Users/andrewyong/Pictures/GooglePhotos/library/2023-05-31/IMG-20230531-WA0006.jpg,"a scanned comic book page with illustrated panels, cartoon drawings, and speech bubbles",0.999078,0.999078,True
/Users/andrewyong/Pictures/GooglePhotos/library/2023-02-08/PXL_20230208_112642213.jpg,"a scanned comic book page with illustrated panels, cartoon drawings, and speech bubbles",0.999045,0.999045,True
